SERVICE CODES,CLASS,SERVCIE NAME,Service Indication,Rate Card Type,Category
KHLHARDO,General Services ,WOWIE HAIR MAKOEVER ,STANDARD SERVICE,STANDARD RATE CARD,HAIRCUT
LHHCUTNR,General Services ,"HAIR CUT - REGULAR (STRAIGHT AND 'U',  DEEP 'U', FRONT RAISER )",STANDARD SERVICE,STANDARD RATE CARD,HAIRCUT
LHHCUTAD,General Services ,"HAIR CUT - ADVANCED (LAYER, MUSHROOM, WEDGE)",STANDARD SERVICE,STANDARD RATE CARD,HAIRCUT
LHHCUTCS,General Services ,HAIR MAKEOVER ,STANDARD SERVICE,STANDARD RATE CARD,HAIRCUT
LHSHBDSM,General Services ,SHAMPOO AND BLOW STYLING -  SHORT & MEDIUM HAIR,STANDARD SERVICE,STANDARD RATE CARD,SHAMPOO CONDITIONING & STYLING
LHSHBDLG,General Services ,SHAMPOO AND BLOW STYLING - LONG HAIR,STANDARD SERVICE,STANDARD RATE CARD,SHAMPOO CONDITIONING & STYLING
LHPRSCSM,General Services ,PREMIUM  SHAMPOO AND CONDITIONING - SHORT AND MEDIUM  HAIR ,STANDARD SERVICE,STANDARD RATE CARD,SHAMPOO CONDITIONING & STYLING
LHPRSCLO,General Services ,PREMIUM  SHAMPOO AND CONDITIONING - LONG,STANDARD SERVICE,STANDARD RATE CARD,SHAMPOO CONDITIONING & STYLING
LHCOLROS,General Services ,STREAKS  -PER STREAK (MINIMUM OF 6 STREAK),STANDARD SERVICE,STANDARD RATE CARD,HAIR COLOURING
LHCOLRTU,General Services ,ROOT TOUCH - UP - PRO 10 COLOURING,STANDARD SERVICE,STANDARD RATE CARD,HAIR COLOURING
LHCOLRRT,General Services ,ROOT TOUCH - UP -REGULAR COLOURING,STANDARD SERVICE,STANDARD RATE CARD,HAIR COLOURING
LHCLPRRT,General Services ,ROOT TOUCH-UP - PREMIUM HAIR COLOURING,STANDARD SERVICE,STANDARD RATE CARD,HAIR COLOURING
LHECOLSH,General Services ,PRO 10  COLOURING - SHORT ,STANDARD SERVICE,STANDARD RATE CARD,HAIR COLOURING
LHECOLME,General Services ,PRO 10  COLOURING COLOURING - MEDIUM,STANDARD SERVICE,STANDARD RATE CARD,HAIR COLOURING
LHECOLLO,General Services ,PRO 10  COLOURING COLOURING - LONG,STANDARD SERVICE,STANDARD RATE CARD,HAIR COLOURING
LHCOLRGS,General Services ,GLOBAL - COLOURING - SHORT,STANDARD SERVICE,STANDARD RATE CARD,HAIR COLOURING
LHCOLRGM,General Services ,GLOBAL - COLOURING - MEDIUM,STANDARD SERVICE,STANDARD RATE CARD,HAIR COLOURING
LHCOLRGL,General Services ,GLOBAL - COLOURING - LONG,STANDARD SERVICE,STANDARD RATE CARD,HAIR COLOURING
LHCLPRSH,General Services ,PREMIUM - COLOURING - AMMONIA FREE - SHORT,STANDARD SERVICE,STANDARD RATE CARD,HAIR COLOURING
LHCLPRME,General Services ,PREMIUM - COLOURING - AMMONIA FREE- MEDIUM,STANDARD SERVICE,STANDARD RATE CARD,HAIR COLOURING
LHCLPRLO,General Services ,PREMIUM - COLOURING - AMMONIA FREE - LONG,STANDARD SERVICE,STANDARD RATE CARD,HAIR COLOURING
LHACOLGS,General Services ,TRENDY  COLOURING - SHORT,STANDARD SERVICE,STANDARD RATE CARD,HAIR COLOURING
LHACOLGM,General Services ,TRENDY  COLOURING - MEDIUM,STANDARD SERVICE,STANDARD RATE CARD,HAIR COLOURING
LHACOLGL,General Services ,TRENDY  COLOURING - LONG,STANDARD SERVICE,STANDARD RATE CARD,HAIR COLOURING
LHACOLSL,General Services ,ADVANCED STREAKS  -PER STREAK (MINIMUM OF 6 STREAK),STANDARD SERVICE,STANDARD RATE CARD,FASHION STREAKS 
LHHENASH,General Services ,HENNA - SHORT,STANDARD SERVICE,STANDARD RATE CARD,HENNA
LHHENAME,General Services ,HENNA - MEDIUM,STANDARD SERVICE,STANDARD RATE CARD,HENNA
LHHENALG,General Services ,HENNA - LONG,STANDARD SERVICE,STANDARD RATE CARD,HENNA
LHHMSGCO,General Services ,HEAD MASSAGE- COCO NOURISHER ,STANDARD SERVICE,STANDARD RATE CARD,HEAD MESSAGE
LHHMSGMI,General Services ,HEAD MASSAGE- MENTHOL CHILLER ,STANDARD SERVICE,STANDARD RATE CARD,HEAD MESSAGE
LHHMSGOL,General Services ,HEAD MASSAGE-OLIVE BLISS,STANDARD SERVICE,STANDARD RATE CARD,HEAD MESSAGE
LHHMSGAL,General Services ,HEAD MASSAGE-ALMOND INDULGENCE ,STANDARD SERVICE,STANDARD RATE CARD,HEAD MESSAGE
LHEXOSNR,General Services ,EXPRESS OIL SPA ,STANDARD SERVICE,STANDARD RATE CARD,HAIR SPA
LHHSPASH,General Services ,HAIR SPA - SHORT,STANDARD SERVICE,STANDARD RATE CARD,HAIR SPA
LHHSPAME,General Services ,HAIR SPA - MEDIUM ,STANDARD SERVICE,STANDARD RATE CARD,HAIR SPA
LHHSPALG,General Services ,HAIR SPA - LONG ,STANDARD SERVICE,STANDARD RATE CARD,HAIR SPA
LHDCOSLO,General Services ,DEEP CONDITIONING  OIL SPA SHORT,STANDARD SERVICE,STANDARD RATE CARD,HAIR SPA
LHDCOSME,General Services ,DEEP CONDITIONING  OIL SPA MEDIUM,STANDARD SERVICE,STANDARD RATE CARD,HAIR SPA
LHDCOSSH,General Services ,DEEP CONDITIONING  OIL SPA LONG,STANDARD SERVICE,STANDARD RATE CARD,HAIR SPA
LHDESPSH,General Services ,DETOX HAIR SPA SHORT,STANDARD SERVICE,STANDARD RATE CARD,HAIR SPA
LHDESPME,General Services ,DETOX HAIR SPA MEDIUM,STANDARD SERVICE,STANDARD RATE CARD,HAIR SPA
LHDESPLO,General Services ,DETOX HAIR SPA LONG,STANDARD SERVICE,STANDARD RATE CARD,HAIR SPA
LHANDTNR,General Services ,ANTI DANDRUFF TREATMENT ,STANDARD SERVICE,STANDARD RATE CARD,BASIC HAIR TMT 
LHIRONSH,General Services ,IRONING SHORT,STANDARD SERVICE,STANDARD RATE CARD,ADVANCED STYLING
LHIRONME,General Services ,IRONING MEDIUM,STANDARD SERVICE,STANDARD RATE CARD,ADVANCED STYLING
LHIRONLG,General Services ,IRONING LONG,STANDARD SERVICE,STANDARD RATE CARD,ADVANCED STYLING
LHRLSTNR,General Services ,ROLLER SETTING ,STANDARD SERVICE,STANDARD RATE CARD,ADVANCED STYLING
LHCRIMNR,General Services ,CRIMPING ,STANDARD SERVICE,STANDARD RATE CARD,ADVANCED STYLING
LHPERMSH,General Services ,PERMING - SHORT,STANDARD SERVICE,STANDARD RATE CARD,ADVANCED STYLING
LHPERMME,General Services ,PERMING - MEDIUM,STANDARD SERVICE,STANDARD RATE CARD,ADVANCED STYLING
LHPERMLG,General Services ,PERMING - LONG,STANDARD SERVICE,STANDARD RATE CARD,ADVANCED STYLING
LHLPKSSH,General Services ,STRAIGHT N SHINE - SHORT,STANDARD SERVICE,STANDARD RATE CARD,ADVANCED STYLING
LHLPKSME,General Services ,STRAIGHT N SHINE - MEDIUM,STANDARD SERVICE,STANDARD RATE CARD,ADVANCED STYLING
LHLPKSLO,General Services ,STRAIGHT N SHINE - LONG,STANDARD SERVICE,STANDARD RATE CARD,ADVANCED STYLING
LHLPKBSH,General Services ,REBOND N SHINE - SHORT,STANDARD SERVICE,STANDARD RATE CARD,ADVANCED STYLING
LHLPKBME,General Services ,REBOND N SHINE- MEDIUM,STANDARD SERVICE,STANDARD RATE CARD,ADVANCED STYLING
LHLPKBLO,General Services ,REBOND N SHINE- LONG,STANDARD SERVICE,STANDARD RATE CARD,ADVANCED STYLING
LHSTNGSH,General Services ,STRAIGHTENING - SHORT,STANDARD SERVICE,STANDARD RATE CARD,ADVANCED STYLING
LHSTNGME,General Services ,STRAIGHTENING - MEDIUM,STANDARD SERVICE,STANDARD RATE CARD,ADVANCED STYLING
LHSTNGLG,General Services ,STRAIGHTENING - LONG,STANDARD SERVICE,STANDARD RATE CARD,ADVANCED STYLING
LHREBSSS,General Services ,REBONDING SHORT ,STANDARD SERVICE,STANDARD RATE CARD,ADVANCED STYLING
LHREBOSH,General Services ,REBONDING MEDIUM,STANDARD SERVICE,STANDARD RATE CARD,ADVANCED STYLING
LHREBOME,General Services ,REBONDING LONG,STANDARD SERVICE,STANDARD RATE CARD,ADVANCED STYLING
LBBMSGNR,General Services ,BODY MASSAGE- REGULAR,STANDARD SERVICE,STANDARD RATE CARD,MASSAGE
LBBMSGSB,General Services ,BODY MASSAGE WITH SCRUB,STANDARD SERVICE,STANDARD RATE CARD,MASSAGE
LSFACLMN,General Services ,CLEAN UP,STANDARD SERVICE,STANDARD RATE CARD,FACIAL
LSFACLFS,General Services ,FACIAL - FRUIT SECRETS,STANDARD SERVICE,STANDARD RATE CARD,FACIAL
LSFACLHS,General Services ,FACIAL - HERBAL SECRETS,STANDARD SERVICE,STANDARD RATE CARD,FACIAL
LSFASLAR,General Services ,FACIAL - AROMA SKIN LIGHTINING,STANDARD SERVICE,STANDARD RATE CARD,FACIAL
LSFACLGL,General Services ,FACIAL - GOLD,STANDARD SERVICE,STANDARD RATE CARD,FACIAL
LSFBASNR,General Services ,BRIGHT AND SHINE FACIAL ,STANDARD SERVICE,STANDARD RATE CARD,FACIAL
LSFRFARA,General Services ,FACIAL - FAIR BLOOM ,STANDARD SERVICE,STANDARD RATE CARD,FACIAL
LSFWHSNR,General Services ,WHITE SPARKLE FACIAL,STANDARD SERVICE,STANDARD RATE CARD,FACIAL
LSFGLRNR,General Services ,GLOWING RADIANCE FACIAL,STANDARD SERVICE,STANDARD RATE CARD,FACIAL
LSFACLSG,General Services ,SKIN BRIGHTENING,STANDARD SERVICE,STANDARD RATE CARD,FACIAL
LSPLGFRA,General Services ,FACIAL - PLATINUM GLOW ,STANDARD SERVICE,STANDARD RATE CARD,EXOTIC FACIAL
LSPWFCNR,General Services ,PERFECT WHITE FACIAL  ,STANDARD SERVICE,EXCLUSIVE RATE CARD ,EXOTIC FACIAL
LSKGFC24,General Services ,24 KARAT GOLD FACIAL,STANDARD SERVICE,EXCLUSIVE RATE CARD ,EXOTIC FACIAL
LSGNWSNR,General Services ,GLOW 'N' WHITE ,STANDARD SERVICE,STANDARD RATE CARD,EXOTIC FACIAL
LSFASLAD,General Services ,SKIN LIGHTENING-ADVANCED ,STANDARD SERVICE,STANDARD RATE CARD,EXOTIC FACIAL
LSPWFCAD,General Services ,PERFECT WHITE - ULTIME FACIAL ,STANDARD SERVICE,EXCLUSIVE RATE CARD ,EXOTIC FACIAL
LSKGFCAD,General Services ,24 KARAT GOLD- ULTIME FACIAL,STANDARD SERVICE,EXCLUSIVE RATE CARD ,EXOTIC FACIAL
LSFACLOX,General Services ,FACIAL - OXYGEN,STANDARD SERVICE,STANDARD RATE CARD,EXOTIC FACIAL
LSFACLSB,General Services ,VERY STRAWBERRY VITAMIN C FACE SPA,STANDARD SERVICE,STANDARD RATE CARD,FACIAL
LSFACLCH,General Services ,CHOCOLATE FACE SPA ,STANDARD SERVICE,STANDARD RATE CARD,FACIAL
LSEYTRAD,General Services ,EYE TREATMENT ADVANCED,STANDARD SERVICE,STANDARD RATE CARD,FACIAL
LSCRBLUL,General Services ,CREAM BLEACH - UPPER LIP,STANDARD SERVICE,STANDARD RATE CARD,BLEACHING
LBCRBLUA,General Services ,CREAM BLEACH- UNDER ARMS,STANDARD SERVICE,STANDARD RATE CARD,BLEACHING
LBCRBLNK,General Services ,CREAM BLEACH-NECK,STANDARD SERVICE,STANDARD RATE CARD,BLEACHING
LSCRBLFC,General Services ,CREAM BLEACH-FACE,STANDARD SERVICE,STANDARD RATE CARD,BLEACHING
LBCRBLFT,General Services ,CREAM BLEACH-FEET,STANDARD SERVICE,STANDARD RATE CARD,BLEACHING
LBCRBLLU,General Services ,CREAM BLEACH-LOWER/UPPER BACK,STANDARD SERVICE,STANDARD RATE CARD,BLEACHING
LBCRBLST,General Services ,CREAM BLEACH- STOMACH,STANDARD SERVICE,STANDARD RATE CARD,BLEACHING
LBCRBLFB,General Services ,CREAM BLEACH-FULL BACK,STANDARD SERVICE,STANDARD RATE CARD,BLEACHING
LBCRBLFA,General Services ,CREAM BLEACH-FULL ARMS,STANDARD SERVICE,STANDARD RATE CARD,BLEACHING
LBCRBLFL,General Services ,CREAM BLEACH-FULL LEGS,STANDARD SERVICE,STANDARD RATE CARD,BLEACHING
LBCRBLHA,General Services ,CREAM BLEACH-HALF ARMS,STANDARD SERVICE,STANDARD RATE CARD,BLEACHING
LBCRBLHL,General Services ,CREAM BLEACH-HALF  LEGS,STANDARD SERVICE,STANDARD RATE CARD,BLEACHING
LSTHDGUL,General Services ,THREADING - UPPER LIP,STANDARD SERVICE,STANDARD RATE CARD,TREADING
LSTHDGEB,General Services ,THREADING - EYEBROW,STANDARD SERVICE,STANDARD RATE CARD,TREADING
LSTHDGCN,General Services ,THREADING - CHIN,STANDARD SERVICE,STANDARD RATE CARD,TREADING
LSTHDGFH,General Services ,THREADING - FORHEAD,STANDARD SERVICE,STANDARD RATE CARD,TREADING
LSTHDGCK,General Services ,THREADING - CHEEK ,STANDARD SERVICE,STANDARD RATE CARD,TREADING
LSTHDGSD,General Services ,THREADING - SIDES,STANDARD SERVICE,STANDARD RATE CARD,TREADING
LSTHDGFF,General Services ,THREADING - FULLFACE,STANDARD SERVICE,STANDARD RATE CARD,TREADING
LSWAXGUL,General Services ,WAXING - UPPER LIP,STANDARD SERVICE,STANDARD RATE CARD,WAXING
LSWAXGCN,General Services ,WAXING - CHIN,STANDARD SERVICE,STANDARD RATE CARD,WAXING
LSWAXGFH,General Services ,WAXING - FOREHEAD,STANDARD SERVICE,STANDARD RATE CARD,WAXING
LSWAXGSD,General Services ,WAXING - SIDES,STANDARD SERVICE,STANDARD RATE CARD,WAXING
LBWAXGUA,General Services ,WAXING - UNDER ARMS,STANDARD SERVICE,STANDARD RATE CARD,WAXING
LBWAXGHA,General Services ,WAXING - HALF ARMS,STANDARD SERVICE,STANDARD RATE CARD,WAXING
LBWAXGLU,General Services ,WAXING - LOWER & UPPER BACK,STANDARD SERVICE,STANDARD RATE CARD,WAXING
LBWAXGFB,General Services ,WAXING - FULL BACK,STANDARD SERVICE,STANDARD RATE CARD,WAXING
LSWAXGFF,General Services ,WAXING - FULL FACE,STANDARD SERVICE,STANDARD RATE CARD,WAXING
LBWAXGHL,General Services ,WAXING - HALF LEGS,STANDARD SERVICE,STANDARD RATE CARD,WAXING
LBWAXGFA,General Services ,WAXING - FULL ARMS,STANDARD SERVICE,STANDARD RATE CARD,WAXING
LBWAXGFL,General Services ,WAXING - FULL LEGS,STANDARD SERVICE,STANDARD RATE CARD,WAXING
LBWAXFBY,General Services ,WAXING - FULL BODY,STANDARD SERVICE,STANDARD RATE CARD,WAXING
LBFIPOFN,General Services ,FILE & POLISH - FINGERS ,STANDARD SERVICE,STANDARD RATE CARD,BASIC HAND AND FOOT 
LBFIPOTO,General Services ,FILE & POLISH -  TOES,STANDARD SERVICE,STANDARD RATE CARD,BASIC HAND AND FOOT 
LBCUFIFI,General Services ,CUT & FILE - FINGERS ,STANDARD SERVICE,STANDARD RATE CARD,BASIC HAND AND FOOT 
LBCUFITO,General Services ,CUT & FILE - TOES,STANDARD SERVICE,STANDARD RATE CARD,BASIC HAND AND FOOT 
LBMANINR,General Services ,MANICURE -REGULAR,STANDARD SERVICE,STANDARD RATE CARD,MANICURE & PEDICURE
LBCBSMNR,General Services ,CITRUS BLOSSOM SPA MANICURE,STANDARD SERVICE,STANDARD RATE CARD,MANICURE & PEDICURE
LBMANIPF,General Services ,MANICURE -PARAFFIN,STANDARD SERVICE,STANDARD RATE CARD,EXOTIC MANICURE AND PEDICURE 
LBCPSMNR,General Services ,CITRUS PORE PURIFYING SPA MANICURE,STANDARD SERVICE,STANDARD RATE CARD,EXOTIC MANICURE AND PEDICURE 
LBRSSMNR,General Services ,CITRUS ROYAL SHIMMER SPA MANICURE,STANDARD SERVICE,STANDARD RATE CARD,EXOTIC MANICURE AND PEDICURE 
LBMIOKMA,General Services ,MINT - O - KOOL MANICURE,STANDARD SERVICE,STANDARD RATE CARD,EXOTIC MANICURE AND PEDICURE 
LBMANIFR,General Services ,MANICURE -FRENCH,STANDARD SERVICE,STANDARD RATE CARD,MANICURE & PEDICURE
LBPEDINR,General Services ,PEDICURE - REGULAR,STANDARD SERVICE,STANDARD RATE CARD,MANICURE & PEDICURE
LBCBSPNR,General Services ,CITRUS BLOSSOM SPA PEDICURE,STANDARD SERVICE,STANDARD RATE CARD,MANICURE & PEDICURE
LBPEDIPF,General Services ,PEDICURE - PARAFFIN,STANDARD SERVICE,STANDARD RATE CARD,EXOTIC MANICURE AND PEDICURE 
LBCPSPNR,General Services ,CITRUS PORE PURIFYING SPA PEDICURE,STANDARD SERVICE,STANDARD RATE CARD,EXOTIC MANICURE AND PEDICURE 
LBRSSPNR,General Services ,CITRUS ROYAL SHIMMER SPA PEDICURE,STANDARD SERVICE,STANDARD RATE CARD,EXOTIC MANICURE AND PEDICURE 
LBMIOKPE,General Services ,MINT - O - KOOL PEDICURE,STANDARD SERVICE,STANDARD RATE CARD,EXOTIC MANICURE AND PEDICURE 
LBPEDIFR,General Services ,PEDICURE - FRENCH,STANDARD SERVICE,STANDARD RATE CARD,MANICURE & PEDICURE
LBPEDICH,General Services ,CHOCOLATE FOOT SPA,STANDARD SERVICE,STANDARD RATE CARD,EXOTIC MANICURE AND PEDICURE 
LBPEDIPC,General Services ,PINCOLADA FOOT SPA,STANDARD SERVICE,STANDARD RATE CARD,EXOTIC MANICURE AND PEDICURE 
LBRIDLSA,General Services ,SAREE DRAPING,STANDARD SERVICE,STANDARD RATE CARD,MAKE UP & STYLING
LHHADOSM,General Services ,HAIR DO SHORT & MEDIUM,STANDARD SERVICE,STANDARD RATE CARD,MAKE UP & STYLING
LHHADOLG,General Services ,HAIR DO LONG,STANDARD SERVICE,STANDARD RATE CARD,MAKE UP & STYLING
LSPAMENR,General Services ,MAKE-UP PARTY,STANDARD SERVICE,STANDARD RATE CARD,MAKE UP & STYLING
LSMKUPEN,General Services ,MAKE-UP ENGAGEMENT,STANDARD SERVICE,STANDARD RATE CARD,MAKE UP & STYLING
LBMEDIAR,General Services ,MEHENDI - ARABIC PER SIDE,STANDARD SERVICE,STANDARD RATE CARD,MEHENDI
LBMEDILG,General Services ,MEHENDI - LEG PER SIDE,STANDARD SERVICE,STANDARD RATE CARD,MEHENDI
LBMEDINR,General Services ,MEHENDI - NORMAL PER SIDE,STANDARD SERVICE,STANDARD RATE CARD,MEHENDI
LBMEDISP,General Services ,MEHENDI - BRIDAL SPECIAL PER SIDE ,STANDARD SERVICE,STANDARD RATE CARD,MEHENDI
LHHADOTR,General Services ,TRAIL HAIR DO,STANDARD SERVICE,STANDARD RATE CARD,BRIDAL PACKAGE 
LHMAUPTR,General Services ,TRAIL MAKE UP,STANDARD SERVICE,STANDARD RATE CARD,BRIDAL PACKAGE 
LSMKUPBR,General Services ,BRIDAL  FACE MAKE UP,STANDARD SERVICE,STANDARD RATE CARD,BRIDAL PACKAGE 
LSBRMAFC,General Services ,"BRIDAL MAKE UP (FACE,HAIR DO, SAREE DRAPPING)",STANDARD SERVICE,STANDARD RATE CARD,BRIDAL PACKAGE 
LSTRIMAK,General Services ,TRIAL MAKEUP - MAC,STANDARD SERVICE,STANDARD RATE CARD,BRIDAL PACKAGE 
LSBRFAMA,General Services ,BRIDAL FACE MAKEUP MAC ,STANDARD SERVICE,STANDARD RATE CARD,BRIDAL PACKAGE 
LSBRMAAD,General Services ,"BRIDAL MAKEUP (FACE MAKEUP -MAC ,HAIR DO ,SAREE DRAPING)",STANDARD SERVICE,STANDARD RATE CARD,BRIDAL PACKAGE 
LSMAPRCH,General Services ,MAC  MAKEUP -BRIDE - PREMIUM CHARGES ,STANDARD SERVICE,STANDARD RATE CARD,BRIDAL PACKAGE 
,General Services ,PREMIUM CHARGES - PARTY ENGAGEMENT MAKEUP -MAC ,STANDARD SERVICE,STANDARD RATE CARD,BRIDAL PACKAGE 
LODIMOSP,General Services ,ELITE - DIAMOND SPARKLE,STANDARD SERVICE,STANDARD RATE CARD,BRIDAL PACKAGE 
LOPLATSH,General Services ,ELITE - PLATINUM SHEEN,STANDARD SERVICE,STANDARD RATE CARD,BRIDAL PACKAGE 
LSROGOPA,General Services ,ROYAL GOLDEN GLOW PACKAGE,STANDARD SERVICE,STANDARD RATE CARD,BRIDAL PACKAGE 
LOSIHIPR,General Services ,PREMIUM - SLIVER HIGHLIGHT,STANDARD SERVICE,STANDARD RATE CARD,BRIDAL PACKAGE 
LOSAPPEL,General Services ,PREMIUM - SAPPHIRE ELEGANCE,STANDARD SERVICE,STANDARD RATE CARD,BRIDAL PACKAGE 
LOGORGGI,General Services ,CLASSIC - GORGEOUS GIRL,STANDARD SERVICE,STANDARD RATE CARD,BRIDAL PACKAGE 
LBDBLEFC,General Services ,DETAN -FACE ,STANDARD SERVICE,STANDARD RATE CARD,DETAN
LBDBLENK,General Services ,DETAN -NECK ,STANDARD SERVICE,STANDARD RATE CARD,DETAN
LBDBLEFT,General Services ,DETAN -FEET ,STANDARD SERVICE,STANDARD RATE CARD,DETAN
LBDBLEHA,General Services ,DETAN -HALF ARMS ,STANDARD SERVICE,STANDARD RATE CARD,DETAN
LBDBLEFA,General Services ,DETAN -FULL ARMS ,STANDARD SERVICE,STANDARD RATE CARD,DETAN
LBDBLEHL,General Services ,DETAN -HALF LEGS ,STANDARD SERVICE,STANDARD RATE CARD,DETAN
LBDBLEFL,General Services ,DETAN -FULL LEGS ,STANDARD SERVICE,STANDARD RATE CARD,DETAN
LBDBLEUB,General Services ,DETAN -LOWER/UPPER BACK ,STANDARD SERVICE,STANDARD RATE CARD,DETAN
LBDBLEFB,General Services ,DETAN -FULL BACK ,STANDARD SERVICE,STANDARD RATE CARD,DETAN
LBDBLEBO,General Services ,DETAN -FULL BODY ,STANDARD SERVICE,STANDARD RATE CARD,DETAN
LBPRWALB,General Services ,RICA PREMIUM WAXING LOWER BACK,STANDARD SERVICE,STANDARD RATE CARD, PREMIUM WAXING
LBPRWASI,General Services ,RICA PREMIUM WAXING SIDES,STANDARD SERVICE,STANDARD RATE CARD, PREMIUM WAXING
LBPRWAHA,General Services ,RICA PREMIUM WAXING HALF ARMS,STANDARD SERVICE,STANDARD RATE CARD, PREMIUM WAXING
LBPRWAHL,General Services ,RICA PREMIUM WAXING HALF LEGS,STANDARD SERVICE,STANDARD RATE CARD, PREMIUM WAXING
LBPRWAFL,General Services ,RICA PREMIUM WAXING FULL LEGS,STANDARD SERVICE,STANDARD RATE CARD, PREMIUM WAXING
LBPRWAUP,General Services ,RICA PREMIUM WAXING UPPERLIP,STANDARD SERVICE,STANDARD RATE CARD, PREMIUM WAXING
LBPRWAUA,General Services ,RICA PREMIUM WAXING UNDER ARMS,STANDARD SERVICE,STANDARD RATE CARD, PREMIUM WAXING
LBPRWABO,General Services ,RICA PREMIUM WAXING BODY,STANDARD SERVICE,STANDARD RATE CARD, PREMIUM WAXING
LBPRWAFA,General Services ,RICA PREMIUM WAXING FULL ARMS,STANDARD SERVICE,STANDARD RATE CARD, PREMIUM WAXING
LBPRWAFF,General Services ,RICA PREMIUM WAXING FULL FACE,STANDARD SERVICE,STANDARD RATE CARD, PREMIUM WAXING
LHFVHSSH,Loreal Hair Treatment,FORCE VECTOR - HAIR STRENGTHENING TREATMENT  SHORT,EXCLUSIVE SERVICE,EXCLUSIVE RATE CARD ,"ADV,HAIR TMT "
LHFVHSME,Loreal Hair Treatment,FORCE VECTOR - HAIR STRENGTHENING TREATMENT  MEDIUM,EXCLUSIVE SERVICE,EXCLUSIVE RATE CARD ,"ADV,HAIR TMT "
LHFVHSLO,Loreal Hair Treatment,FORCE VECTOR - HAIR STRENGTHENING TREATMENT  LONG,EXCLUSIVE SERVICE,EXCLUSIVE RATE CARD ,"ADV,HAIR TMT "
LHCRDHSH,Loreal Hair Treatment,CELLULAR REPAIR - DRY AND DAMAGED HAIR REPAIR TREATMENT  SHORT,EXCLUSIVE SERVICE,EXCLUSIVE RATE CARD ,"ADV,HAIR TMT "
LHCRDHME,Loreal Hair Treatment,CELLULAR REPAIR  - DRY AND DAMAGED HAIR REPAIR TREATMENT MEDIUM,EXCLUSIVE SERVICE,EXCLUSIVE RATE CARD ,"ADV,HAIR TMT "
LHCRDHLO,Loreal Hair Treatment,CELLULAR REPAIR  - DRY AND DAMAGED HAIR REPAIR TREATMENT LONG,EXCLUSIVE SERVICE,EXCLUSIVE RATE CARD ,"ADV,HAIR TMT "
LHPOCSSH,Loreal Hair Treatment,POWER DOSE - COLOR SHINE TREATMENT SHORT,EXCLUSIVE SERVICE,EXCLUSIVE RATE CARD ,"ADV,HAIR TMT "
LHPOCSME,Loreal Hair Treatment,POWER DOSE - COLOR SHINE TREATMENT MEDIUM,EXCLUSIVE SERVICE,EXCLUSIVE RATE CARD ,"ADV,HAIR TMT "
LHPOCSLO,Loreal Hair Treatment,POWER DOSE - COLOR SHINE TREATMENT LONG,EXCLUSIVE SERVICE,EXCLUSIVE RATE CARD ,"ADV,HAIR TMT "
LHDANDSH,Loreal Hair Treatment,DANDRUFF TREATMENT SHORT,EXCLUSIVE SERVICE,EXCLUSIVE RATE CARD ,"ADV,HAIR TMT "
LHDANDME,Loreal Hair Treatment,DANDRUFF TREATMENT MEDIUM,EXCLUSIVE SERVICE,EXCLUSIVE RATE CARD ,"ADV,HAIR TMT "
LHDANDLO,Loreal Hair Treatment,DANDRUFF TREATMENT LONG,EXCLUSIVE SERVICE,EXCLUSIVE RATE CARD ,"ADV,HAIR TMT "
LHDAOSSH,Loreal Hair Treatment,DANDRUFF TREATMENT FOR OILY SCALP SHORT,EXCLUSIVE SERVICE,EXCLUSIVE RATE CARD ,"ADV,HAIR TMT "
LHDAOSME,Loreal Hair Treatment,DANDRUFF TREATMENT FOR OILY SCALP MEDIUM,EXCLUSIVE SERVICE,EXCLUSIVE RATE CARD ,"ADV,HAIR TMT "
LHDAOSLO,Loreal Hair Treatment,DANDRUFF TREATMENT FOR OILY SCALP LONG,EXCLUSIVE SERVICE,EXCLUSIVE RATE CARD ,"ADV,HAIR TMT "
LHDASSSH,Loreal Hair Treatment,DANDRUFF TREATMENT FOR SENSITIVE SCALP SHORT,EXCLUSIVE SERVICE,EXCLUSIVE RATE CARD ,"ADV,HAIR TMT "
LHDASSME,Loreal Hair Treatment,DANDRUFF TREATMENT FOR SENSITIVE SCALP MEDIUM,EXCLUSIVE SERVICE,EXCLUSIVE RATE CARD ,"ADV,HAIR TMT "
LHDASSLO,Loreal Hair Treatment,DANDRUFF TREATMENT FOR SENSITIVE SCALP LONG,EXCLUSIVE SERVICE,EXCLUSIVE RATE CARD ,"ADV,HAIR TMT "
LHFRRFDO,Loreal Hair Treatment,FORCE REFILL - 1 DOSE - LADIES,EXCLUSIVE SERVICE,EXCLUSIVE RATE CARD ,"ADV,HAIR TMT "
LHPOCODO,Loreal Hair Treatment,POWER DOSE COLOUR- 1 DOSE - LADIES,EXCLUSIVE SERVICE,EXCLUSIVE RATE CARD ,"ADV,HAIR TMT "
LHPOCRDO,Loreal Hair Treatment,POWER CELL REPAIR- 1 DOSE - LADIES,EXCLUSIVE SERVICE,EXCLUSIVE RATE CARD ,"ADV,HAIR TMT "
LHRENCDO,Loreal Hair Treatment,RENEW C - 1 DOSE - LADIES,EXCLUSIVE SERVICE,EXCLUSIVE RATE CARD ,"ADV,HAIR TMT "
LHMYSMSH,Mythic oil ,MYTHIC SHINE MAGIC - SHORT ,EXCLUSIVE SERVICE,EXCLUSIVE RATE CARD ,ADV HAIR SPA 
LHMYSMME,Mythic oil ,MYTHIC SHINE MAGIC - MEDIUM,EXCLUSIVE SERVICE,EXCLUSIVE RATE CARD ,ADV HAIR SPA 
LHMYSMLO,Mythic oil ,MYTHIC SHINE MAGIC - LONG,EXCLUSIVE SERVICE,EXCLUSIVE RATE CARD ,ADV HAIR SPA 
LHMYRMSH,Mythic oil ,MYTHIC REPAIR MAGIC - SHORT ,EXCLUSIVE SERVICE,EXCLUSIVE RATE CARD ,ADV HAIR SPA 
LHMYRMME,Mythic oil ,MYTHIC REPAIR MAGIC - MEDIUM,EXCLUSIVE SERVICE,EXCLUSIVE RATE CARD ,ADV HAIR SPA 
LHMYRMLO,Mythic oil ,MYTHIC REPAIR MAGIC - LONG,EXCLUSIVE SERVICE,EXCLUSIVE RATE CARD ,ADV HAIR SPA 
LHMYSHSH,Mythic oil ,MYTHIC SMOOTH MAGIC - SHORT ,EXCLUSIVE SERVICE,EXCLUSIVE RATE CARD ,ADV HAIR SPA 
LHMYSHME,Mythic oil ,MYTHIC SMOOTH MAGIC - MEDIUM,EXCLUSIVE SERVICE,EXCLUSIVE RATE CARD ,ADV HAIR SPA 
LHMYSHLO,Mythic oil ,MYTHIC SMOOTH MAGIC - LONG,EXCLUSIVE SERVICE,EXCLUSIVE RATE CARD ,ADV HAIR SPA 
LHWEXTSH,Wella SP - Treatment,EXPRESS TREATMENT - SHORT ,EXCLUSIVE SERVICE,EXCLUSIVE RATE CARD ,ADV HAIR SPA 
LHWEXTME,Wella SP - Treatment,EXPRESS TREATMENT - MEDIUM,EXCLUSIVE SERVICE,EXCLUSIVE RATE CARD ,ADV HAIR SPA 
LHWEXTLO,Wella SP - Treatment,EXPRESS TREATMENT - LONG,EXCLUSIVE SERVICE,EXCLUSIVE RATE CARD ,ADV HAIR SPA 
LHWINSSH,Wella SP - Treatment,INTENSIVE SPA TREATMENT - SHORT,EXCLUSIVE SERVICE,EXCLUSIVE RATE CARD ,ADV HAIR SPA 
LHWINSME,Wella SP - Treatment,INTENSIVE SPA TREATMENT - MEDIUM,EXCLUSIVE SERVICE,EXCLUSIVE RATE CARD ,ADV HAIR SPA 
LHWINSLO,Wella SP - Treatment,INTENSIVE SPA TREATMENT - LONG,EXCLUSIVE SERVICE,EXCLUSIVE RATE CARD ,ADV HAIR SPA 
LHWALSSH,Wella SP - Treatment,ALCHEMY SPA TREATMENT (INCLUDING INFUSION) - SHORT,EXCLUSIVE SERVICE,EXCLUSIVE RATE CARD ,ADV HAIR SPA 
LHWALSME,Wella SP - Treatment,ALCHEMY SPA TREATMENT (INCLUDING INFUSION) - MEDIUM,EXCLUSIVE SERVICE,EXCLUSIVE RATE CARD ,ADV HAIR SPA 
LHWALSLO,Wella SP - Treatment,ALCHEMY SPA TREATMENT (INCLUDING INFUSION) - LONG,EXCLUSIVE SERVICE,EXCLUSIVE RATE CARD ,ADV HAIR SPA 
LHWINFUB,Wella SP - Treatment,WELLA SP - INFUSION - FULL BOTTLE,EXCLUSIVE SERVICE,EXCLUSIVE RATE CARD ,ADV HAIR SPA 
LHWINHAB,Wella SP - Treatment,WELLA SP - INFUSION - HALF BOTTLE,EXCLUSIVE SERVICE,EXCLUSIVE RATE CARD ,ADV HAIR SPA 
LHSTNGSH,Straight Therapy,STRAIGHT THERPAHY  SHORT ,EXCLUSIVE SERVICE,EXCLUSIVE RATE CARD ,ADVANCED STYLING
LHSTNGME,Straight Therapy,STRAIGHT THERPAHY MEDIUM,EXCLUSIVE SERVICE,EXCLUSIVE RATE CARD ,ADVANCED STYLING
LHSTNGLG,Straight Therapy,STRAIGHT THERPAHY  LONG,EXCLUSIVE SERVICE,EXCLUSIVE RATE CARD ,ADVANCED STYLING
LOLDSPMA,Bridal,ELITE - DIAMOND SPARKLE - MAC,EXCLUSIVE SERVICE,STANDARD RATE CARD,BRIDAL PACKAGE 
LOSPSHMA,Bridal,ELITE - PLATINUM SHEEN - MAC,EXCLUSIVE SERVICE,STANDARD RATE CARD,BRIDAL PACKAGE 
LSOGGPMA,Bridal,ROYAL GOLDEN GLOW PACKAGE - MAC,EXCLUSIVE SERVICE,STANDARD RATE CARD,BRIDAL PACKAGE 
LORSLHMA,Bridal,PREMIUM - SLIVER HIGHLIGHT -MAC ,EXCLUSIVE SERVICE,STANDARD RATE CARD,BRIDAL PACKAGE 
LORSELMA,Bridal,PREMIUM - SAPPHIRE ELEGANCE - MAC,EXCLUSIVE SERVICE,STANDARD RATE CARD,BRIDAL PACKAGE 
LOLGGIMA,Bridal,CLASSIC - GORGEOUS GIRL - MAC,EXCLUSIVE SERVICE,STANDARD RATE CARD,BRIDAL PACKAGE 
LHDERENS,NIOXIN,Derma Renew  - Short,EXCLUSIVE SERVICE,EXCLUSIVE RATE CARD ,ADV HAIR SPA 
LHDERENM,NIOXIN,Derma Renew - Medium,EXCLUSIVE SERVICE,EXCLUSIVE RATE CARD ,ADV HAIR SPA 
LHDERENL,NIOXIN,Derma Renew -Long ,EXCLUSIVE SERVICE,EXCLUSIVE RATE CARD ,ADV HAIR SPA 
LHDEPROS,NIOXIN,Densitty Protect - Short ,EXCLUSIVE SERVICE,EXCLUSIVE RATE CARD ,ADV HAIR SPA 
LHDEPROM,NIOXIN,Densitty Protect -Medium,EXCLUSIVE SERVICE,EXCLUSIVE RATE CARD ,ADV HAIR SPA 
LHDEPROL,NIOXIN,Densitty Protect - Long ,EXCLUSIVE SERVICE,EXCLUSIVE RATE CARD ,ADV HAIR SPA 
LHDEREPS,NIOXIN,Density Repair -Short ,EXCLUSIVE SERVICE,EXCLUSIVE RATE CARD ,ADV HAIR SPA 
LHDEREPM,NIOXIN,Density Repair -Medium,EXCLUSIVE SERVICE,EXCLUSIVE RATE CARD ,ADV HAIR SPA 
LHDEREPL,NIOXIN,Density Repair -Long ,EXCLUSIVE SERVICE,EXCLUSIVE RATE CARD ,ADV HAIR SPA 
LHMQHMSH,Moroccan Oil Treatment ,Moroccan quickies intense hydrating mask for dry/frizzy hair  - SHORT ,EXCLUSIVE SERVICE,EXCLUSIVE RATE CARD ,ADV HAIR SPA 
LHMQHMME,Moroccan Oil Treatment ,Moroccan quickies intense hydrating mask for dry/frizzy hair - MEDIUM,EXCLUSIVE SERVICE,EXCLUSIVE RATE CARD ,ADV HAIR SPA 
LHMQHMLO,Moroccan Oil Treatment ,Moroccan quickies intense hydrating mask for dry/frizzy hair  - LONG ,EXCLUSIVE SERVICE,EXCLUSIVE RATE CARD ,ADV HAIR SPA 
LHMRDHSH,Moroccan Oil Treatment ,Moroccan restorative mask - Damaged hair - SHORT,EXCLUSIVE SERVICE,EXCLUSIVE RATE CARD ,ADV HAIR SPA 
LHMRDHME,Moroccan Oil Treatment ,Moroccan restorative mask - Damaged hair -MEDIUM,EXCLUSIVE SERVICE,EXCLUSIVE RATE CARD ,ADV HAIR SPA 
LHMRDHLO,Moroccan Oil Treatment ,Moroccan restorative mask - Damaged hair - LONG ,EXCLUSIVE SERVICE,EXCLUSIVE RATE CARD ,ADV HAIR SPA 
LHMQWMFS,Moroccan Oil Treatment ,Moroccan quickies weightless mask fine hair and thin hair - SHORT,EXCLUSIVE SERVICE,EXCLUSIVE RATE CARD ,ADV HAIR SPA 
LHMQWMFM,Moroccan Oil Treatment ,Moroccan quickies weightless mask fine hair and thin hair - MEDIUM,EXCLUSIVE SERVICE,EXCLUSIVE RATE CARD ,ADV HAIR SPA 
LHMQWMFL,Moroccan Oil Treatment ,Moroccan quickies weightless mask fine hair and thin hair - LONG,EXCLUSIVE SERVICE,EXCLUSIVE RATE CARD ,ADV HAIR SPA 
LHKEPOSS, Wella SP LUXE Oil,Keratin Protect Oil Service - Short ,EXCLUSIVE SERVICE,EXCLUSIVE RATE CARD ,ADV HAIR SPA 
LHKEPOSM, Wella SP LUXE Oil,Keratin Protect Oil Service - Medium ,EXCLUSIVE SERVICE,EXCLUSIVE RATE CARD ,ADV HAIR SPA 
LHKEPOSL, Wella SP LUXE Oil,Keratin Protect Oil Service - Long ,EXCLUSIVE SERVICE,EXCLUSIVE RATE CARD ,ADV HAIR SPA 
LHKEERTS, Wella SP LUXE Oil,Keratin Express  Restore Treatment - Short ,EXCLUSIVE SERVICE,EXCLUSIVE RATE CARD ,ADV HAIR SPA 
LHKEERTM, Wella SP LUXE Oil,Keratin Express  Restore Treatment - Medium,EXCLUSIVE SERVICE,EXCLUSIVE RATE CARD ,ADV HAIR SPA 
LHKEERTL, Wella SP LUXE Oil,Keratin Express  Restore Treatment - Long,EXCLUSIVE SERVICE,EXCLUSIVE RATE CARD ,ADV HAIR SPA 
LHKEIRTS, Wella SP LUXE Oil,Keratin Intense Restore Treatment - Short,EXCLUSIVE SERVICE,EXCLUSIVE RATE CARD ,ADV HAIR SPA 
LHKEIRTM, Wella SP LUXE Oil,Keratin Intense Restore Treatment -Medium ,EXCLUSIVE SERVICE,EXCLUSIVE RATE CARD ,ADV HAIR SPA 
LHKEIRTL, Wella SP LUXE Oil,Keratin Intense Restore Treatment - Long ,EXCLUSIVE SERVICE,EXCLUSIVE RATE CARD ,ADV HAIR SPA 
LHCPCOLS,Hair Chalk, Hair chalk party Colouring -Short,EXCLUSIVE SERVICE,EXCLUSIVE RATE CARD ,HAIR COLOURING
LHCPCOLM,Hair Chalk, Hair chalk party Colouring -Medium,EXCLUSIVE SERVICE,EXCLUSIVE RATE CARD ,HAIR COLOURING
LHCPCOLS,Hair Chalk, Hair chalk party Colouring -Long,EXCLUSIVE SERVICE,EXCLUSIVE RATE CARD ,HAIR COLOURING
LBPRWAFA,RAGA WAXING,PREMIUM WAXING - FULL ARMS,STANDARD SERVICE,EXCLUSIVE RATE CARD , PREMIUM WAXING
LBPRWAUA,RAGA WAXING,PREMIUM WAXING - UNDER ARMS,STANDARD SERVICE,EXCLUSIVE RATE CARD , PREMIUM WAXING
LBPRWAFL,RAGA WAXING,PREMIUM WAXING - FULL LEGS,STANDARD SERVICE,EXCLUSIVE RATE CARD , PREMIUM WAXING
LBPRWABO,RAGA WAXING,PREMIUM WAXING - FULL BODY,STANDARD SERVICE,EXCLUSIVE RATE CARD , PREMIUM WAXING
LBPRWAFF,RAGA WAXING,PREMIUM WAXING - FULL FACE,STANDARD SERVICE,EXCLUSIVE RATE CARD , PREMIUM WAXING
LBPRWAHL,RAGA WAXING,PREMIUM WAXING - HALF LEGS,STANDARD SERVICE,EXCLUSIVE RATE CARD , PREMIUM WAXING
LBPRWAUP,RAGA WAXING,PREMIUM WAXING - UPPER LIP,STANDARD SERVICE,EXCLUSIVE RATE CARD , PREMIUM WAXING
LBPRWAHA,RAGA WAXING,PREMIUM WAXING - HALF ARMS,STANDARD SERVICE,EXCLUSIVE RATE CARD , PREMIUM WAXING
LBPRWASI,RAGA WAXING,PREMIUM WAXING - FACE-SIDES,STANDARD SERVICE,EXCLUSIVE RATE CARD , PREMIUM WAXING
LBPRWALB/,RAGA WAXING,PREMIUM WAXING - LOWER BACK,STANDARD SERVICE,EXCLUSIVE RATE CARD , PREMIUM WAXING
LBPRWAUB,RAGA WAXING,PREMIUM WAXING - UPPER BACK,STANDARD SERVICE,EXCLUSIVE RATE CARD , PREMIUM WAXING
LBNGSP10,( Nubar Nails ),Gelicure Shine Polish - 10 Nails ( Nubar),EXCLUSIVE SERVICE,EXCLUSIVE RATE CARD ,NAIL SERVICE 
LBNANE10,( Nubar Nails ),AcnuGel Nail Extentions - 10 Nails ( Nubar),EXCLUSIVE SERVICE,EXCLUSIVE RATE CARD ,NAIL SERVICE 
LBNIPA10,( Nubar Nails ),Impress and Kiss - Printed attachments - 10 Nails ( Nubar),EXCLUSIVE SERVICE,EXCLUSIVE RATE CARD ,NAIL SERVICE 
LBNINA10,( Nubar Nails ),Impress and Kiss - Natural attachments - 10 Nails ( Nubar),EXCLUSIVE SERVICE,EXCLUSIVE RATE CARD ,NAIL SERVICE 
LBNPNW10,( Nubar Nails ),Printed Kiss Nail Wraps - 10 Nails ( Nubar),EXCLUSIVE SERVICE,EXCLUSIVE RATE CARD ,NAIL SERVICE 
LBNPLP10,( Nubar Nails ),Nubar Premium Nail Lacquer polish - 10 Nails ,EXCLUSIVE SERVICE,EXCLUSIVE RATE CARD ,NAIL SERVICE 
LBNANE05,( Nubar Nails ),AcnuGel Nail Extentions - 5 Nails ,EXCLUSIVE SERVICE,EXCLUSIVE RATE CARD ,NAIL SERVICE 
LBNTRS01,( Nubar Nails ),Tip repair service ,EXCLUSIVE SERVICE,EXCLUSIVE RATE CARD ,NAIL SERVICE 
LBGEPO10,( Nail Spa ),GEL POLISH - 10 NAILS   ,EXCLUSIVE SERVICE,EXCLUSIVE RATE CARD ,NAIL SERVICE 
LBNENS10,( Nail Spa ),NAIL EXTENSIONS NEW SET (INCLUDING GEL POLISH) - 10 NAILS ,EXCLUSIVE SERVICE,EXCLUSIVE RATE CARD ,NAIL SERVICE 
LBNENF10,( Nail Spa ),NAIL EXTENSIONS NEW SET FRENCH - 10 NAILS ,EXCLUSIVE SERVICE,EXCLUSIVE RATE CARD ,NAIL SERVICE 
LBREGP10,( Nail Spa ),REFILL (INCLUDING GEL POLISH) - 10 NAILS ,EXCLUSIVE SERVICE,EXCLUSIVE RATE CARD ,NAIL SERVICE 
LBREFR10,( Nail Spa ),REFILL FRENCH - 10 NAILS ,EXCLUSIVE SERVICE,EXCLUSIVE RATE CARD ,NAIL SERVICE 
LBGPTO10,( Nail Spa ),GEL POLISH - TOES  -10 NAILS ,EXCLUSIVE SERVICE,EXCLUSIVE RATE CARD ,NAIL SERVICE 
LBNETO10,( Nail Spa ),NAIL EXTENSIONS TOES (INCLUDING GEL POLISH) - 10 NAILS ,EXCLUSIVE SERVICE,EXCLUSIVE RATE CARD ,NAIL SERVICE 
LBRETO10,( Nail Spa ),REFILL - TOES - 10 NAILS ,EXCLUSIVE SERVICE,EXCLUSIVE RATE CARD ,NAIL SERVICE 
LBNASI10,( Nail Spa ),NAIL ART - SIMPLE -1  NAIL,EXCLUSIVE SERVICE,EXCLUSIVE RATE CARD ,NAIL SERVICE 
LBNADE10,( Nail Spa ),NAIL ART - DETAILED  - 1 NAIL ,EXCLUSIVE SERVICE,EXCLUSIVE RATE CARD ,NAIL SERVICE 
LSKEGSVM,Casamara Summer Facial ,EXPRESS GLOW SERVICE WITH VITAMIN VEGATABLE MASK,STANDARD SERVICE,EXCLUSIVE RATE CARD ,FACIAL
LSKEGWGM,Casamara Summer Facial ,EXPRESS GLOW SERVICE WITH GREEN MASK,STANDARD SERVICE,EXCLUSIVE RATE CARD ,FACIAL
LSKESWRM,Casamara Summer Facial ,EXPRESS GLOW SERVICE WITH REAFFIRMING MASK,STANDARD SERVICE,EXCLUSIVE RATE CARD ,FACIAL
LSKEGSGM,Casamara Summer Facial ,EXPRESS GLOW SERVICE WITH GOJI MASK,STANDARD SERVICE,EXCLUSIVE RATE CARD ,FACIAL
LSKEGSWM,Casamara Summer Facial ,EXPRESS GLOW SERVICE WITH GOLD MASK,STANDARD SERVICE,EXCLUSIVE RATE CARD ,FACIAL
LSKVVMTF,Casamara Summer Facial ,VITAMIN VEGATABLE MASK - ADD  ON TO FACIALS,STANDARD SERVICE,EXCLUSIVE RATE CARD ,FACIAL
LSKGMTFA,Casamara Summer Facial ,GREEN MASK - ADD  ON TO FACIALS,STANDARD SERVICE,EXCLUSIVE RATE CARD ,FACIAL
LSKRMATF,Casamara Summer Facial ,REAFFIRMING MASK  - ADD  ON TO FACIALS,STANDARD SERVICE,EXCLUSIVE RATE CARD ,FACIAL
LSKGMATF,Casamara Summer Facial ,GOJI MASK - ADD  ON TO FACIALS,STANDARD SERVICE,EXCLUSIVE RATE CARD ,FACIAL
LSKGMOTF,Casamara Summer Facial ,GOLD MASK - ADD  ON TO FACIALS,STANDARD SERVICE,EXCLUSIVE RATE CARD ,FACIAL
KHHCUTWE,General Services ,TRENDY KIDDY CUT,Standard Service,Standard rate card,Hair Cut 
GHHCUTNR,General Services ,HAIR CUT ,Standard Service,Standard rate card,Hair Cut 
GHHCUTCS,General Services ,HAIR MAKEOVER ,Standard Service,Standard rate card,Hair Cut 
GSSHVGNR,General Services ,SHAVING ,Standard Service,Standard rate card,Beard Styling
GSBTRMNR,General Services ,BEARD TRIM,Standard Service,Standard rate card,Beard Styling
GSBSTYSP,General Services ,BEARD STYLING ,Standard Service,Standard rate card,Beard Styling
GHHSHAVE,General Services ,HEAD SHAVE ,Standard Service,Standard rate card,Beard Styling
GHCONDNR,General Services ,HAIR CONDITIONING,Standard Service,Standard rate card,Shampoo & Conditioning 
GHSHAMSP,General Services ,SHAMPOO SPECIAL,Standard Service,Standard rate card,Shampoo & Conditioning 
GHHMSGCO,General Services ,HEAD MASSAGE- COCO NOURISHER ,Standard Service,Standard rate card,Head Message
GHHMSGMI,General Services ,HEAD MASSAGE- MENTHOL CHILLER ,Standard Service,Standard rate card,Head Message
GHHMSGOL,General Services ,HEAD MASSAGE-OLIVE BLISS,Standard Service,Standard rate card,Head Message
GHHMSGAL,General Services ,HEAD MASSAGE-ALMOND INDULGENCE ,Standard Service,Standard rate card,Head Message
GHEXOSNR,General Services ,EXPRESS OIL SPA,Standard Service,Standard rate card,Hair Spa
GHHSPASM,General Services ,HAIR SPA SHORT & MEDIUM,Standard Service,Standard rate card,Hair Spa
GHCONDDP,General Services ,DEEP CONDITIONING  OIL SPA ,Standard Service,Standard rate card,Hair Spa
GHDEHSPA,General Services ,DETOX HAIR SPA,Standard Service,Standard rate card,Hair Spa
GHANDTNR,General Services ,ANTI DANDRUFF TREATMENT,Standard Service,Standard rate card,Basic Hair tmt 
GSMOUCNR,General Services ,MOUSTACHE COLORING ,Standard Service,Standard rate card,Beard colouring
GSBDCLNR,General Services ,BEARD COLOUR -REGULAR,Standard Service,Standard rate card,Beard colouring
GSBDCLSP,General Services ,BEARD COLOUR -SPECIAL,Standard Service,Standard rate card,Beard Styling
GHHENANR,General Services ,HENNA ,Standard Service,Standard rate card,Beard Styling
GHCOLROS,General Services ,HAIR COLOURING - PER STREAK (MIN 4 STREAKS),Standard Service,Standard rate card,Hair coloring
GHSGPREM,General Services ,ADVANCED STREAKS - PER STREAK - MIN OF 4 STREAKS,Standard Service,Standard rate card,Hair coloring
GHECOLNR,General Services ,PRO 10 COLOURING ,Standard Service,Standard rate card,Hair coloring
GHCOLRNL,General Services ,NATURAL BLACK/BROWN COLOURING,Standard Service,Standard rate card,Hair coloring
GHCOLRGL,General Services ,GLOBAL HAIR COLOURING ,Standard Service,Standard rate card,Hair coloring
GHCGPRGL,General Services ,PREMIUM HAIR COLOURING - AMMONIA FREE,Standard Service,Standard rate card,Hair coloring
GHCOLRAD,General Services ,TRENDY COLOURING  ( INCLUDING PRE LIGHTING),Standard Service,Standard rate card,Hair coloring
GBBMSGNR,General Services ,BODY MASSAGE-REGULAR,Standard Service,Standard rate card,Body Care
GBBMSGSB,General Services ,BODY MASSAGE WITH SCRUB,Standard Service,Standard rate card,Body Care
GBMANINR,General Services ,MANICURE -REGULAR,Standard Service,Standard rate card,Manicure & Pedicure 
GBCBSMNR,General Services ,CITRUS BLOSSOM SPA MANICURE,Standard Service,Standard rate card,Manicure & Pedicure 
GBMANIPF,General Services ,MANICURE -PARAFFIN,Standard Service,Standard rate card,Exotic Manicure and Pedicure 
GBCPSMNR,General Services ,CITRUS PORE PURIFYING SPA MANICURE,Standard Service,Standard rate card,Exotic Manicure and Pedicure 
GBRSSMNR,General Services ,CITRUS ROYAL SHIMMER SPA MANICURE,Standard Service,Standard rate card,Exotic Manicure and Pedicure 
GBMIOKMA,General Services ,MINT - O - KOOL MANICURE - ,Standard Service,Standard rate card,Exotic Manicure and Pedicure 
GBPEDINR,General Services ,PEDICURE - REGULAR,Standard Service,Standard rate card,Manicure & Pedicure 
GBCBSPNR,General Services ,CITRUS BLOSSOM SPA PEDICURE,Standard Service,Standard rate card,Manicure & Pedicure 
GBPEDIPF,General Services ,PEDICURE - PARAFFIN,Standard Service,Standard rate card,Exotic Manicure and Pedicure 
GBCPSPNR,General Services ,CITRUS PORE PURIFYING SPA PEDICURE,Standard Service,Standard rate card,Exotic Manicure and Pedicure 
GBRSSPNR,General Services ,CITRUS ROYAL SHIMMER SPA PEDICURE,Standard Service,Standard rate card,Exotic Manicure and Pedicure 
GBMIOKPE,General Services ,MINT - O - KOOL PEDICURE -  ,Standard Service,Standard rate card,Exotic Manicure and Pedicure 
GBPEDICH,General Services ,CHOCOLATE FOOT SPA,Standard Service,Standard rate card,Exotic Manicure and Pedicure 
GBPEDIPC,General Services ,PINACOLADA FOOT SPA,Standard Service,Standard rate card,Exotic Manicure and Pedicure 
GSEYTRAD,General Services ,EYE TREATMENT - ADVANCED,Standard Service,Standard rate card,Facial
GSFACLMN,General Services ,CLEAN UP,Standard Service,Standard rate card,Facial
GSFACLFS,General Services ,FACIAL - FRUIT SECRETS,Standard Service,Standard rate card,Facial
GSFACLHS,General Services ,FACIAL - HERBAL SECRETS,Standard Service,Standard rate card,Exotic Facial
GSFASLAR,General Services ,FACIAL - AROMA SKIN LIGHTENING,Standard Service,Standard rate card,Exotic Facial
GSFACLGL,General Services ,FACIAL - GOLD,Standard Service,Standard rate card,Exotic Facial
GSFBASNR,General Services ,BRIGHT AND SHINE FACIAL ,Standard Service,Standard rate card,Exotic Facial
GSFRFARA,General Services ,FACIAL - FAIR BLOOM ,Standard Service,Standard rate card,Exotic Facial
GSFWHSNR,General Services ,WHITE SPARKLE FACIAL,Standard Service,Standard rate card,Exotic Facial
GSFGLRNR,General Services ,GLOWING RADIANCE FACIAL,Standard Service,Standard rate card,Exotic Facial
GSFACLSG,General Services ,SKIN BRIGHTENING,Standard Service,Standard rate card,Exotic Facial
GSPLGFRA,General Services ,FACIAL - PLATINUM GLOW ,Standard Service,Standard rate card,Exotic Facial
GSPWFCNR,General Services ,PERFECT WHITE FACIAL  ,Standard Service,Exclusive rate card ,Exotic Facial
GSKGFC24,General Services ,24 KARAT GOLD FACIAL,Standard Service,Exclusive rate card ,Exotic Facial
GSGNWSNR,General Services ,GLOW N WHITE,Standard Service,Standard rate card,Exotic Facial
GSFASLAD,General Services ,SKIN LIGHTENING-ADVANCED ,Standard Service,Standard rate card,Exotic Facial
GSPWFCAD,General Services ,PERFECT WHITE - ULTIME FACIAL ,Standard Service,Exclusive rate card ,Exotic Facial
GSKGFCAD,General Services ,24 KARAT GOLD- ULTIME FACIAL,Standard Service,Exclusive rate card ,Exotic Facial
GSFACLOX,General Services ,FACIAL - OXYGEN,Standard Service,Standard rate card,Exotic Facial
GSFACLSB,General Services ,VERY STRAWBERRY VITAMIN C FACE SPA,Standard Service,Standard rate card,Facial
GSFACLCH,General Services ,CHOCOLATE FACE SPA ,Standard Service,Standard rate card,Facial
GBCRBLNK,General Services ,CREAM BLEACH-NECK,Standard Service,Standard rate card,Bleaching
GSCRBLFC,General Services ,CREAM BLEACH-FACE,Standard Service,Standard rate card,Bleaching
GBCRBLFT,General Services ,CREAM BLEACH-FEET,Standard Service,Standard rate card,Bleaching
GHIRONNR,General Services ,IRONING,Standard Service,Standard rate card,Advanced Styling
GHPERMNR,General Services ,PERMING ,Standard Service,Standard rate card,Advanced Styling
GHLPKSSH,General Services ,STRAIGHT N SHINE  - SHORT,Standard Service,Standard rate card,Advanced Styling
GHLPKSME,General Services ,STRAIGHT N SHINE  -  MEDIUM,Standard Service,Standard rate card,Advanced Styling
GHLPKBSH,General Services ,REBOND N SHINE  - SHORT,Standard Service,Standard rate card,Advanced Styling
GHLPKBME,General Services ,REBOND N SHINE   - MEDIUM,Standard Service,Standard rate card,Advanced Styling
GHSTNGNR,General Services ,STRAIGHTNING - SHORT ,Standard Service,Standard rate card,Advanced Styling
GHSTNGME,General Services ,STRAIGHTNING - MEDIUM ,Standard Service,Standard rate card,Advanced Styling
GHREBONR,General Services ,REBONDING -SHORT,Standard Service,Standard rate card,Advanced Styling
GHREBOLO,General Services ,REBONDING - MEDIUM,Standard Service,Standard rate card,Advanced Styling
GHSETGPR,General Services ,PARTY HAIR SETTING,Standard Service,Standard rate card,Party Make up
GSMKUPPR,General Services ,PARTY MAKE-UP,Standard Service,Standard rate card,Party Make up
GSPAMACP,General Services ,PARTY MAKEUP - MAC ,Standard Service,Standard rate card,Party Make up
GSMABRPR,General Services ,MAC  MAKEUP - GROOM  - PREMIUM CHARGES ,Standard Service,Standard rate card,Bridal Package 
GOROYATH,General Services ,ELITE - ROYAL TOUCH,Standard Service,Standard rate card,Bridal Package 
GOEXTRAD,General Services ,PREMIUM - EXTRAORDINARY,Standard Service,Standard rate card,Bridal Package 
GOEXOTPA,General Services ,PREMIUM - EXOTIC PAMPERING,Standard Service,Standard rate card,Bridal Package 
GOLOOKGD,General Services ,CLASSIC - LOOK GOOD TREAT,Standard Service,Standard rate card,Bridal Package 
GOFEWMGD,General Services ,CLASSIC - A FEW GOOD MEN,Standard Service,Standard rate card,Bridal Package 
GBDBLEFC,General Services ,DETAN -FACE ,Standard Service,Standard rate card,Detan
GBDBLENK,General Services ,DETAN -NECK ,Standard Service,Standard rate card,Detan
GBDBLEFT,General Services ,DETAN -FEET ,Standard Service,Standard rate card,Detan
GBDBLEHA,General Services ,DETAN -HALF ARMS ,Standard Service,Standard rate card,Detan
GBDBLEFA,General Services ,DETAN -FULL ARMS ,Standard Service,Standard rate card,Detan
GBDBLEBO,General Services ,DETAN -FULL BODY ,Standard Service,Standard rate card,Detan
GHFVHSNR,Loreal Hair Treatment,FORCE VECTOR - HAIR STRENGTHENING TREATMENT  - ,Exclusive Service,Exclusive rate card ,"Adv,hair Tmt "
GHCRDHTR,Loreal Hair Treatment,CELLULAR REPAIR - DRY AND DAMAGED HAIR REPAIR TREATMENT ,Exclusive Service,Exclusive rate card ,"Adv,hair Tmt "
GHPOCSTR,Loreal Hair Treatment,POWER DOSE - COLOR SHINE TREATMENT - ,Exclusive Service,Exclusive rate card ,"Adv,hair Tmt "
GHTRMTDD,Loreal Hair Treatment,DANDRUFF TREATMENT ,Exclusive Service,Exclusive rate card ,"Adv,hair Tmt "
GHDAOSTR,Loreal Hair Treatment,DANDRUFF TREATMENT FOR OILY SCALP - ,Exclusive Service,Exclusive rate card ,"Adv,hair Tmt "
GHDASSTR,Loreal Hair Treatment,DANDRUFF TREATMENT FOR SENSITIVE SCALP - ,Exclusive Service,Exclusive rate card ,"Adv,hair Tmt "
GHMYSMNR,Mythic Oil,MYTHIC SHINE MAGIC - ,Exclusive Service,Exclusive rate card ,Adv Hair spa 
GHMYRMNR,Mythic Oil,MYTHIC REPAIR MAGIC  - ,Exclusive Service,Exclusive rate card ,Adv Hair spa 
GHMYSHNR,Mythic Oil,MYTHIC SMOOTH MAGIC - ,Exclusive Service,Exclusive rate card ,Adv Hair spa 
GHWEXTRE,Wella SP - Services ,WELLA SP - EXPRESS TREATMENT,Exclusive Service,Exclusive rate card ,Adv Hair spa 
GHWINSTR,Wella SP - Services ,WELLA SP - INTENSE SPA TREATMENT,Exclusive Service,Exclusive rate card ,Adv Hair spa 
GHWALSTR,Wella SP - Services ,WELLA SP - ALCHMEY SPA TREATMENT,Exclusive Service,Exclusive rate card ,Adv Hair spa 
LOGPRTMA,Bridal,ELITE - ROYAL TOUCH - MAC ,Standard Service,Standard rate card,Bridal Package 
LOGPEWMA,Bridal,PREMIUM - EXTRAORDINARY - MAC ,Standard Service,Standard rate card,Bridal Package 
LOGPEPMA,Bridal,PREMIUM - EXOTIC PAMPERING - MAC ,Standard Service,Standard rate card,Bridal Package 
LOGPLTMA,Bridal,CLASSIC - LOOK GOOD TREAT - MAC ,Standard Service,Standard rate card,Bridal Package 
LOGPAGMA,Bridal,CLASSIC - A FEW GOOD MEN - MAC ,Standard Service,Standard rate card,Bridal Package 
GHDEREPA,Nioxin,Density Repair,Exclusive Service,Exclusive rate card ,Adv Hair spa 
GHDEPROT,Nioxin,Densitty Protect,Exclusive Service,Exclusive rate card ,Adv Hair spa 
GHDERENE,Nioxin,Derma Renew ,Exclusive Service,Exclusive rate card ,Adv Hair spa 
GHMQHMNR,Moroccan Oil Treatment ,Moroccan Quickies Intense Hydrating Mask - Dry/Frizzy hair,Exclusive Service,Exclusive rate card ,Adv Hair spa 
GHMREMDH,Moroccan Oil Treatment ,Moroccan restorative mask - Damaged hair,Exclusive Service,Exclusive rate card ,Adv Hair spa 
GHMQWMFH,Moroccan Oil Treatment ,Moroccan quickies weightless mask fine hair and thin hair,Exclusive Service,Exclusive rate card ,Adv Hair spa 
GHKEPOSE,Wella SP Luxe oil,Keratin Protect Oil Service,Exclusive Service,Exclusive rate card ,Adv Hair spa 
GHKEERTR,Wella SP Luxe oil,Keratin Express Restore Treatment,Exclusive Service,Exclusive rate card ,Adv Hair spa 
GHKEIRTR,Wella SP Luxe oil,Keratin Intense Restore Treatment,Exclusive Service,Exclusive rate card ,Adv Hair spa 
GHCPCOLP,Loreal Hair Chalk, Hair chalk party Colouring- Partial ,Exclusive Service,Exclusive rate card ,Hair Colouring
GHCPCOLG,Loreal Hair Chalk, Hair chalk party Colouring - Global,Exclusive Service,Exclusive rate card ,Hair Colouring
GSKEGSVM,Casamara Summer Facial ,EXPRESS GLOW SERVICE WITH VITAMIN VEGATABLE MASK,Standard Service,Exclusive rate card ,Facial
GSKEGWGM,Casamara Summer Facial ,EXPRESS GLOW SERVICE WITH GREEN MASK,Standard Service,Exclusive rate card ,Facial
GSKESWRM,Casamara Summer Facial ,EXPRESS GLOW SERVICE WITH REAFFIRMING MASK,Standard Service,Exclusive rate card ,Facial
GSKEGSGM,Casamara Summer Facial ,EXPRESS GLOW SERVICE WITH GOJI MASK,Standard Service,Exclusive rate card ,Facial
GSKEGSWM,Casamara Summer Facial ,EXPRESS GLOW SERVICE WITH GOLD MASK,Standard Service,Exclusive rate card ,Facial
GSKVVMTF,Casamara Summer Facial ,VITAMIN VEGATABLE MASK - ADD  ON TO FACIALS,Standard Service,Exclusive rate card ,Facial
GSKGMTFA,Casamara Summer Facial ,GREEN MASK - ADD  ON TO FACIALS,Standard Service,Exclusive rate card ,Facial
GSKRMATF,Casamara Summer Facial ,REAFFIRMING MASK  - ADD  ON TO FACIALS,Standard Service,Exclusive rate card ,Facial
GSKGMATF,Casamara Summer Facial ,GOJI MASK - ADD  ON TO FACIALS,Standard Service,Exclusive rate card ,Facial
GSKGMOTF,Casamara Summer Facial ,GOLD MASK - ADD  ON TO FACIALS,Standard Service,Exclusive rate card ,Facial
